Capsule Studio,"873 Broadway, Ste 204",New York,NY,10003,Event Space,40.738055,-73.990173
Manhattan Penthouse,80 5th Ave,New York,NY,10011,Event Space,40.735935,-73.9941
202 East,202 East 77th Street,New York,NY,10021,Event Space,40.772591,-73.957946
Jacob K. Javits Convention Center,655 West 34th Street,New York,NY,10001,Convention Center,40.757644,-74.002962
Hudson Theater at Millenniun Broad,145 West 44th Street,New York,NY,10036,Convention Center,40.7569402,-73.9848717
630 Second,630 2nd Ave,Kips Bay,NY,10016,Convention Center,40.7452327,-73.9754925
American Conference Centers,780 3rd Ave,New York,NY,10017,Convention Center,40.7550005,-73.9717364
Equitable Tower,787 7th Ave,New York,NY,10019,Convention Center,40.761923,-73.982387
21 Club,21 West 52nd Street,New York,NY,10019,Event Space,40.7603841,-73.9776688
Affinia Manhattan,371 7th Ave,New York,NY,10001,Event Space,40.748688,-73.991635
Algonquin,59 West 44th Street,New York,NY,10036,Event Space,40.7559258,-73.9823836
American Park at the Battery,Inside Battery Park at State Street,New York,NY,10004,Restaurant,40.7029194,-74.0143316
Beekman Tower Hotel,3 Mitchell Plaza,New York,NY,10017,Conference Center,40.7532186,-73.9662775
Best Western Queens Court,13351 39th Ave,Flushing,NY,11368,Conference Center,40.759771,-73.832828
Bohemian National Hall,321 E. 73rd St,New York,NY,10021,Event Space,40.7688663,-73.9565567
Carlyle Hotel,35 East 76th St,New York,NY,10021,Conference Center,40.7743698,-73.9635195
Carnegie Hall,881 7th Ave,New York,NY,10019,Public Space,40.765016,-73.9799
Chambers,15 West 56th St,New York,NY,10016,Conference Center,40.7627651,-73.9755462
City Club Hotel,55 West 44th Street,New York,NY,10036,Conference Center,40.75582,-73.982204
Comfort Inn on Lake Placid,2125 Sabanac Ave,Lake Placid,NY,12946,Conference Center,44.2794911,-73.9798713
Crowne Plaza - White Plains,66 Hale Ave,White Plains,NY,10601,Conference Center,41.0303278,-73.7609955
Crown Plaza at the United Nations,304 E. 42nd St,New York,NY,10017,Conference Center,40.749452,-73.971907
Crowne Plaza Hotel JFK Airport,151-20 Baisley Blvd.,Jamaica,NY,11434,Conference Center,40.667842,-73.786273
Crowne Plaza New York - La Guardia Airport,104-04 Ditmars Blvd.,East Elmhurst,Ny,11369,Conference Center,40.767201,-73.867045
Crowne Plaza Resort and Golf Club Lake Placid,101 Olympic Dr.,Lake Placid,NY,12946,Conference Center,44.2860668,-73.9870084
Crowne Plaza Times Square,1605 Broadway,New York,NY,10019,Conference Center,40.7608247,-73.9846998
Digital Sandbox,41 Madison Ave,New York,NY,10004,Event Space,40.7426286,-73.9864682
Digital Sandbox,55 Broad St,New York,NY,10004,Event Space,40.705122,-74.0115037
Disney on Broadway,1450 Broadway-Suite 300,New York,NY,10018,Public Space,40.754635,-73.986268
Doubletree Guest Suites - Time Square,1568 Broadway,New York,NY,10036,Conference Center,40.7591043,-73.9846158
Doubletree NYC,569 Lexington Ave,New York,NY,10021,Conference Center,40.756961,-73.97198
Eastgate Tower Suite Hotel,222 East 39th St,New York,NY,10016,Conference Center,40.7485119,-73.9750751
Embassy Suites Hotel,102 North End Ave,New York,NY,10282,Conference Center,40.7145251,-74.0154022
Essex House,160 Central Park South,New York,NY,10019,Conference Center,40.766648,-73.978479
Executive Conference Center at the Sheraton New York,811 Seventh Ave,New York,NY,10019,Conference Center,40.762836,-73.981989
Fitzpatrick Manhattan Hotel,687 Lexington Ave,New York,NY,10022,Conference Center,40.7605675,-73.9691546
Four Seasons Hotel New York,57 E. 57th St.,New York,NY,10022,Conference Center,40.7621419,-73.9714292
Gramercy Park Hotel,2 Lexington Ave.,New York,NY,10010,Conference Center,40.738546,-73.985772
Grand Hyatt New York,Park Ave at Grand Central,New York,NY,10017,Conference Center,40.7539216,-73.9771075
Gurneys Inn,290 Old Montauk Hwy,Montauk,NY,11954,Conference Center,41.015365,-71.9917959
Helmsley Hotel The Park Lane,36 Central Park S.,New York,NY,10019,Conference Center,40.76482,-73.975335
Hemsley Carlton House,680 Madison Ave,New York,NY,10021,Conference Center,40.7651809,-73.9703856
Hilton Lake Placid Resort,1 Mirron Lake Dr.,Lake Placid,NY,12946,Conference Center,44.297535,-73.979319
Hilton Long Island / Huntington,598 Braodhollow Rd.,Melville,NY,11747,Conference Center,40.764202,-73.42528
Hilton New York & Towers,1335 Ave of the Americas,New York,NY,11019,Conference Center,40.762583,-73.980029
Hilton Rye Town,699 Westchester Ave.,Rye Brook,NY,10573,Conference Center,41.00753,-73.688272
Hofstra University,"112 Student Center, 200 Hofstra University",Hempstead,NY,11550,Event Space,40.7159075,-73.602519
Holiday Inn - Ronkonkoma,3845 Veterans Memorial Hwy.,Ronkonkoma,NY,11779,Conference Center,40.785034,-73.110875
Holiday Inn - Downtown,138 Lafayette St.,New York,NY,10013,Conference Center,40.7191074,-74.0001109
Holiday Inn Midtown,440 W. 57th St.,New York,NY,10019,Conference Center,40.7686739,-73.9875417
Holiday Inn Wall St,15 Gold Street,New York,NY,10038,Conference Center,40.707894,-74.007108
Holiday Inn - Yonkers,125 Tuckahoe Rd,Yonkers,NY,10710,Conference Center,40.9548032,-73.8651603
Holdiay Inn - JFK,144-02 135th Ave.,Jamaica,NY,11436,Conference Center,40.6678481,-73.7945963
Hotel Dorset,30 West 54th St.,New York,NY,10019,Conference Center,40.7619,-73.9775743
Hotel Plaza Athenee,37 East 64th St.,New York,NY,10021,Conference Center,40.7663066,-73.9683294
Hudson Hotel,356 West 58th St,New York,NY,10019,Conference Center,40.768354,-73.984659
Hyatt Regency Long Island Hotel at Wind Watch Golf Club,1717 Motor Pkwy,Hauppauge,NY,11788,Conference Center,40.815065,-73.171057
Hyatt Summerfield Suites - White Plains,101 Corporate Park Dr.,White Plains,NY,10604,Conference Center,41.019866,-73.724227
"IBM Palisades, A Dolce Conference Destination",Rt. 9W,Palisades,NY,10964,Conference Center,41.0043544,-73.9083982
Inn at Great Neck,20 Cutter Mill Rd,Great Neck,NY,11021,Conference Center,40.7869353,-73.7280734
InterContinental The Barclay New York,111 East 48th St,New York,NY,10017,Conference Center,40.7554902,-73.9736402
Intrepid Sea-Air-Space Museum,1 Intrepid Square,New York,NY,10036,Public Space,40.765007,-74.000247
Islandia Marriott Long Island,"3635 Express Drive, North",Islandia,NY,11749,Conference Center,40.8097,-73.161736
Jolly Hotels,22 East 38th St,New York,NY,10016,Conference Center,40.7501381,-73.9808648
Landmark on the Park,160 Central Park West,New York,NY,10023,Conference Center,40.778764,-73.974582
Le Chambord Inn & Conference Center,2737 Rt. 52,Hopewell Junction,NY,12533,Conference Center,41.564631,-73.775949
Le Parker Meridien New York,118 West 57th St.,New York,NY,10019,Conference Center,40.764667,-73.978074
Lighthouse International,111 East 59th St,New York,NY,10022,Event Space,40.7628184,-73.969159
Loews Regency Hotel,540 Park Ave,New York,NY,10065,Conference Center,40.764614,-73.969358
Long Island Marriott Hotel and Conference Center,101 James Doolittle Blvd.,Uniondale,NY,11553,Conference Center,40.7234623,-73.5867024
Madison Square Garden,4 Penn Plaza,New York,NY,10121,Public Space,40.750354,-73.993371
Manhattan Club,800 7th Ave,New York,NY,10019,Conference Center,40.762621,-73.982506
Melville Marriott Long Island,1350 Old Walt Whitman Rd.,Melville,NY,11747,Conference Center,40.7837094,-73.4218373
Metropolitan Pavillion,125 West 18th St.,New York,NY,10011,Event Space,40.740543,-73.995756
Millennium Conference Center,145 W. 44th St,New York,NY,10036,Conference Center,40.7569402,-73.9848717
Millennium Hotel New York UN Plaza,44th St at 1st Ave,New York,NY,10017,Conference Center,40.7500598,-73.9687545
Montauk Yacht Club,32 Star Island Rd,Montauk,NY,11954,Event Space,41.0675189,-71.9345879
Pulse Restraunt and Bar,45 Rockefeller Plz,New York,NY,10001,Restaurant,40.759448,-73.9782
Regus NYC,245 Park Avenue,New York,NY,10017,Event Space,40.7546423,-73.9748948
New York Life Offices,420 Lexington Ave,New York,NY,10170,Event Space,40.752443,-73.975456
The Pearl Room,8201 Third Ave,Brooklyn,NY,11209,Restaurant,40.626185,-74.029584
Ave,743 Passaic Ave,Clifton,NJ,7012,Restaurant,40.8368509,-74.1458016
Samsung Experience,"Time Warner Building, Columbus Circle",New York,NY,10019,Event Space,40.768735,-73.982938
Silvercup Studios Main Lot,42-22 22nd Street,Long Island City,NY,11101,Event Space,40.757687,-73.9374101
Kaufman Astoria Studios,34-12 36th Street,Astoria,NY,11106,Event Space,40.7572421,-73.9238686
New Worlds Stages,340 West 50th St,New York,NY,10019,Public Space,40.7629,-73.9875096
Slate,54 West 21st St,New York,NY,10010,Restaurant,40.741315,-73.992367
Steiner Studios,15 Washington Ave,Brooklyn,NY,11205,Conference Center,40.6980502,-73.968244
300 New York,Pier 60 - West 23rd Street,New York,NY,10011,Event Space,40.7464911,-74.001358
Coffee House,20 W. 44th St,New York,NY,10010,Event Space,40.7553672,-73.9813522
Sheraton Brooklyn New York,228 Duffield Street,Brooklyn,NY,11201,Conference Center,40.6913687,-73.9844788
Brooklyn Business Library,280 Cadman Plaza West,Brooklyn,NY,11201,Public Space,40.6956656,-73.9911607
Jackson Heights Library,35-51 81st St.,Jackson Heights,NY,11372,Public Space,40.750176,-73.885034
Bulova Corporate Conference Center,75-20 Astoria Boulevard,Jackson Heights,NY,11370,Conference Center,40.764071,-73.89336
Terrace on the Park,52-11 111th St,Queens,NY,11368,Restaurant,40.7441145,-73.8517452
LaGuardia Marriott,102-05 Ditmars Blvd.,East Elmhurst,NY,11369,Conference Center,40.768472,-73.867543
MCU Park,1904 Surf Ave,Brooklyn,NY,11224,Public Space,40.575068,-73.984594
NYC Seminar and Conference Center,71 West 23rd Street,New York,NY,10010,Conference Center,40.742659,-73.9921901
Downtown Conference Center at Pace University,157 William St.,New York,NY,10038,Conference Center,40.7100931,-74.0058809
Desmond Tutu Center,180 10th Ave,New York,NY,10011,Conference Center,40.7462767,-74.0051995
The Foundry,42-38 Ninth Street,Long Island City,NY,11101,Event Space,40.7531463,-73.9493081
Con Ed Learning Center,43- 82 Vernon Blvd,Long Island City,NY,11101,Conference Center,40.751504,-73.951845
LICBDC,"27-01 Queens Plaza North, 9th Floor",Long Island City,NY,11101,Conference Center,40.750508,-73.938911
Panera Bread,23-58 Bell Blvd,Bayside,NY,11360,Restaurant,40.7637013,-73.7710562
Cue Bar,45-18 Bell Blvd,Bayside,NY,11360,Restaurant,40.75972,-73.769412
Master Billliards,39-01 Queens Blvd,Long Island City,NY,11104,Event Space,40.7443142,-73.9259479
Watersedge Restaurant,44th Drive at East River,Long Island City,NY,11101,Restaurant,40.7457618,-73.9420433
Riverview Restaurant,2-01 50th Avenue,Long Island City,NY,11101,Restaurant,40.7436998,-73.9585232
Plaxall Building,5-46 46th Avenue,Long Island City,NY,11101,Event Space,40.7471852,-73.9543686
Douglaston Manor,63-20 Commonwealth Blvd,Douglaston,NY,11362,Event Space,40.7543983,-73.7284273
Bayside Historical Society,208 Totten Avenue,Bayside,NY,11359,Event Space,40.7926702,-73.7798592
Sheraton LaGuardia East,135-20 39th Avenue,Flushing,NY,11354,Conference Center,40.7597535,-73.8316994
Queens College,65-30 Kissena Blvd,Flushing,NY,11367,Public Space,40.7362668,-73.8161302
Queensboro Community College,222-05 56th Avenue,Bayside,NY,11364,Public Space,40.7524235,-73.7594161
LaGuardia Community College,31-10 Thomson Avenue,Long Island City,NY,11101,Public Space,40.743951,-73.935154
York Community College,94 - 20 Guy R. Brewer Blvd,Jamaica,NY,11451,Public Space,40.7022966,-73.7960148
Suffolk County Community College,Crooked Hill Rd,Brentwood,NY,11717,Public Space,40.793515,-73.275147
Adelphi University,1 South Avenue,Garden City,NY,11530,Public Space,40.7220713,-73.6506271
Chase,277 Park Avenue,NY,NY,10172,Event Space,40.755515,-73.974987
Citi Bank,One Court Square,Long Island City,NY,11120,Event Space,40.7462931,-73.9427248
Nassau Community College,One Education Drive,Garden City,NY,11530,Public Space,40.7305695,-73.5918914
Brooklyn College,2900 Bedford Avenue,Brooklyn,NY,11220,Public Space,40.6319734,-73.9527154
Kingsborough Community College,2001 Oriental Boulevard,Brooklyn,NY,11235,Public Space,40.578349,-73.934465
Prospect Hall,263 Prospect Avenue,Brooklyn,NY,11215,Conference Center,40.6637469,-73.989691
Brooklyn Chamber of Commerce,25 Elm Place Suite 200,Brooklyn,NY,11201,Public Space,40.689831,-73.984208
Queens Chamber of Commerce,75-20 Astoria Blvd. Suite 140,Jackson Heights,NY,11370,Public Space,40.764071,-73.89336
The Entrepreneur's Space,"75-20 Astoria Blvd. Suite 140,",Long Island City,NY,11101,Event Space,40.768188,-73.907298
Dazies Restaurant,39-41 Queens Blvd.,Sunnyside,NY,11104,Restaurant,40.7441004,-73.9251863
New York Marriott,1535 Broadway,NY,NY,10036,Conference Center,40.758408,-73.985517
Arverne By the Sea,7303-05 Spinnaker Drive,Arverne,NY,11692,Event Space,40.586946,-73.80099
Dyker Beach Country Club,86th Street and 7th Avenue,Brooklyn,NY,11228,Event Space,40.618472,-74.021216
Marina Del Rey,One Marina Drive,Throgs Neck,NY,10465,Event Space,40.8145772,-73.8148732
Nara Bank,50-15 Roosevelt Ave.,Woodside,NY,11377,Event Space,40.744008,-73.914257
Hard Rock Cafe,1 East 161st Street,Bronx,NY,10451,Restaurant,40.8289579,-73.9283697
Yankee Stadium,One East 161st Street,Bronx,NY,10451,Event Space,40.8289579,-73.9283697
Citi Field,Roosevelt Avenue,Flushing,NY,11368,Event Space,40.751935,-73.855571
Uno's Chicago Grill,9201 4th Avenue,Brooklyn,NY,11209,Restaurant,40.6180424,-74.0301115
Greater NY Chamber of Commerce,20 West 44th Street 4th floor,NY,NY,10036,Event Space,40.7553672,-73.9813522
MOMA,11 West 53rd Street,NY,NY,10019,Public Space,40.7614006,-73.9776211
PS1,22-25 Jackson Ave,Long Island City,NY,11101,Public Space,40.745469,-73.947108
"Golden Unicorn Restaurant, 3rd Floor 18 East Broadway, NY, NY 10002",18 East Broadway 3rd Floor,NY,NY,10002,Restaurant,40.713504,-73.9970429
Evergreen,10 East 38th Street,NY,NY,10016,Restaurant,40.750638,-73.982234
St. Francis College,180 Remsen Street,Brooklyn,NY,11101,Public Space,40.6932529,-73.9915017
The New Pine Bar & Grill,1634 Eastchester Rd,Bronx,NY,10461,Restaurant,40.8452666,-73.8449647
Queens Crossing Mu Dan Banquet Hall,136-17 39th Ave. 2nd Fl,Flushing,NY,11364,Event Space,40.7469863,-73.7571411
Asser Levy Park,West 5th Street and Surf Avenue,Brooklyn,NY,11224,Public Space,40.5748539,-73.973356
Belmont Raceway,2150 Hempstead Turnpike,Elmont,NY,11003,Event Space,40.7081853,-73.7090871
Meadowlands Raceway,50 State Route 120,East Rutherford,NJ,7073,Event Space,40.8240181,-74.0736325
Giant Stadium,50 State Route 120,Rutherford,NJ,7073,Event Space,40.8240181,-74.0736325
Georgia Diner,86-55 Queens Blvd,Elmhurst,NY,11373,Restaurant,40.7359371,-73.8760289
Two Restaurant,# 1270 UNION TURNPIKE,New Hyde Park,NY,11040,Restaurant,40.7533599,-73.6986373
Ruskin Moscou,"1425 RXR Plaza, East Tower, 15th floor",Uniondale,NY,11556,Event Space,40.7,-73.58
Plainview Diner,1094 Old Country Rd,Plainview,NY,11803,Restaurant,40.776895,-73.468216
Ruby Tuesday's,2120 BROAD HOLLOW,Farmingdale,NY,11735,Restaurant,40.7482321,-73.4230804
Holiday Inn Plainview,215 Sunnyside Blvd,Plainview,NY,11803,Conference Center,40.796168,-73.466675
Sculpture Center,44-19 Purves Street,Long Island City,NY,11101,Event Space,40.7468992,-73.9411106
TD Bank,214-32 JAMAICA AVENUE,Jamaica,NY,11428,Event Space,40.716313,-73.742649
Bronx Botanical Gardens,1000 Washington Avenue,Bronx,NY,10458,Event Space,40.8262223,-73.9096817
Brooklyn Botanical Gardens,900 Washington Ave,Brooklyn,NY,11225,Event Space,40.667726,-73.9618296
Queens Botanical Gardens,43-50 Main Street,Flushing,NY,11355,Event Space,40.7515377,-73.826164
Gantry Park,4-74 48th Avenue,Long Island City,NY,11109,Event Space,40.7445376,-73.9569438
Noguchi Sculpture Center,9-01 33rd Road,Long Island City,NY,11106,Public Space,40.7667529,-73.9384089
QLIMG,206-20 Linden Blvd,Cambria Heights,NY,11411,Event Space,40.696128,-73.745051
Russo's on the Bay,162-45 Crossbay Blvd,Howard Beach,NY,,Event Space,40.6533986,-73.8383103
Bruno's on the Blvd,88-25 Astoria Blvd,Jackson Heights,NY,11369,Event Space,40.764226,-73.880412
Long Island Holocaust Museum,100 Crescent Beach Road,Glen Cove,NY,11542,Public Space,40.878084,-73.6414983
Kitchen Kabaret,409 Glen Cove Road,Roslyn Heights,NY,11577,Restaurant,40.793203,-73.621456
Blue Bay Diner,5850 Francis Lewis Boulevard,East Meadow,NY,11365,Restaurant,40.7395324,-73.7897911
Plum Restaurant,47-39 Bell Blvd,Bayside,NY,11360,Restaurant,40.7560497,-73.7673021
Center For Automotive Education & Training,15-30 Petracca Place,Whitestone,NY,11357,Conference Center,40.7836976,-73.8277598
Forest Park,"Myrtle Ave, Union Turnpike",Woodhaven,NY,,Event Space,40.7103233,-73.8402372
The Race Palace,1600 Round Swamp Rd.,Plainview,NY,11803,Restaurant,40.7839833,-73.4458131
Royalton Hotel,44 West 44th Street,New York,NY,10036,Conference Center,40.7556607,-73.9820482
Happy Times Café,535 BROADHOLLOW,Melville,NY,11747,Restaurant,40.767828,-73.4219339
Ben & Jack's,255 5th Avenue,New York,NY,,Restaurant,40.744806,-73.986268
Akwaaba Mansion,347 MacDonough Street,Brooklyn,NY,11233,Conference Center,40.682505,-73.932676
Arirang Hibachi Steakhouse & Sushi Bar,8814 Fourth Avenue,Brooklyn,NY,11209,Restaurant,40.620998,-74.029115
Muttown Country Club,5933 Northern Blvd,East Norwich,NY,11771,Event Space,40.8373672,-73.5551669
SoHo House,29 9th Avenue,New York,NY,10014,Event Space,40.740418,-74.005899
Shi Restaurant,47-20 Center Blvd,Long Island City,NY,11101,Restaurant,40.7464975,-73.9565288
Club 101,101 Park Avenue,NY,NY,10017,Event Space,40.750814,-73.9783377
Garden City Hotel,45 Seventh Street,Garden City,NY,11530,Conference Center,40.724063,-73.63963
Matteo's,300 W. Jericho Tpke,Huntington,NY,11746,Restaurant,40.828228,-73.42062
Imperial Diner ,63 West Merrick Road ,Freeport,NY,,Restaurant,40.6537824,-73.5829433
John Harvards Restaurant,2093 Smith Haven Plz,Lake Grove,NY,11755,Restaurant,40.8631017,-73.1287159
Panera Bread/ Rockville Centre ,313 Merrick Road ,Rockville Centre,NY,11570,Restaurant,40.6560193,-73.6438245
FOUR Food Studio & Cocktail Salon,515 Broadhollow Road,Melville,NY,11747,Restaurant,40.770977,-73.421181
Retro Lounge & Grill,10 Brooklyn Avenue,Freeport,NY,11520,Restaurant,40.6573676,-73.5841907
The Blue Lagoon,677 Farmingdale Rd,West Babylon,NY,,Restaurant,40.714624,-73.3820474
Panera Bread,1025 Montauk Highway,West Babylon,NY,,Restaurant,40.684286,-73.3509962
Adelphi University,55 Kennedy Blvd,Hauppauge,NY,,Public Space,40.8097654,-73.2365584
American Red Cross in Nassau County,195 Willis Avenue,Mineola ,NY,11501,Public Space,40.7457529,-73.6393008
Wyld Chyld Tatoo Café,1708 Sunrise Highway,Merrick,NY,11566,Restaurant,40.6603095,-73.5629762
Freeport Memorial Library ,144 West Merrick Road ,Freeport,NY,11520,Public Space,40.6535593,-73.586754
Panera Bread,5274 Sunrise Highway,Massapequa Park,NY,,Restaurant,40.6780641,-73.4433258
Holiday Inn Westbury,369 Old Country Road ,Carle Place,NY,11514,Conference Center,40.746334,-73.602199
Holiday Inn Express Hotel Stony Brook,3131 Nesconset Hwy.,Stonybrook,NY,,Conference Center,40.8912409,-73.0931871
Fireside at the Empire Hotel Roof Lounge,44 W. 63rd Street,New York,NY,10023,Restaurant,40.771296,-73.982095
Bar Basque,839 6th Avenue,New York,NY,,Restaurant,40.7470257,-73.9898217
Webster Hall,125 East 11th Street,New York,NY,10003,Event Space,40.7316872,-73.9892914
Garden State Exhibit Center,50 Atrium Drive,Somerset,NJ,8873,Event Space,40.5380201,-74.5229212
Waldorf Astoria,301 Park Avenue,New York,NY,10022,Conference Center,40.7567283,-73.9740641
The Times Center,242 West 41st Street,New York,NY,,Event Space,40.7560064,-73.9889878
Fairfield University,1073 North Benson Road Gonzaga Hall,Fairfield,CT,6824,Public Space,,
John Jay High School,60 North Salem Road,Cross River,NY,,Public Space,41.2757201,-73.6103874
The City College of New York,160 Convent Avenue,New York,NY,10031,Public Space,40.8211506,-73.9488681
Microsoft Conference Center,1290 Avenue of the Americas 6th Floor,New York,NY,10019,Event Space,40.7607191,-73.9798164
World-Famous Marshall Chess Club,23 West 10th Street,New York,NY,10011,Public Space,40.734144,-73.996591
North Star Vailsburg Campus,24 Hazelwood Avenue,Newark,NJ,7106,Public Space,40.7448859,-74.233118
The Economist,750 3rd Avenue 5th Floor,New York,NY,10017,Event Space,40.753814,-73.972797
Asian American Asian Research Institute,"25 West 43rd Street, 18th Fl",New York,NY,10036,Event Space,40.7651023,-74.0023612
Stir ,1363 First Avenue ,New York,NY,10021,Event Space,40.768778,-73.9555357
Plug Uglies,257 3rd Avenue,New York,NY,10010,Event Space,40.737222,-73.983957
Roger Smith Hotel,Lexington Ave & E 47th St,New York,NY,10017,Conference Center,40.7546302,-73.9737564
Bamboo 52 ,344 West 52nd Street,New York,NY,10019,Event Space,40.764082,-73.9866431
Nirvana,346 Lexington Ave,New York,NY,10016,Event Space,40.750019,-73.977412
Bar 13,35 East 13th Street,New York,NY,10003,Event Space,40.7344291,-73.991922
Dewey's Flat Iron,210 Fifth Avenue,New York,NY,10010,Event Space,40.743349,-73.988725
Aaron's Place,222 West 83rd St.,New York,NY,,Event Space,40.7861163,-73.9776074
Chateau Briand,440 Old Country Road,Carle Place,NY,,Event Space,40.745923,-73.603989
Morris Yacht & Beach Club,1 City Island,Bronx,NY,,Event Space,40.836848,-73.783088
Locust Point Civic Association,3300 Tierney Place,Bronx,NY,10465,Public Space,40.8163716,-73.7994234
PeaceLove Café,617 Melrose Avenue,Bronx,NY,,Restaurant,40.8176553,-73.9170762
West 5 Supper Club,505 Madison Street ,Hoboken,NJ,7052,Restaurant,40.743841,-74.037346
Stevens Institute of Technology,600 River Terrace,Hoboken,NJ,7030,Public Space,40.7431049,-74.0270227
Room 84,84 Washington Street,Hoboken,NJ,,Restaurant,40.736886,-74.0310992
"Supreme Court, Kings County",360 Adams Street,Brooklyn,NY,11201,Public Space,40.6938596,-73.9892283
Public Assembly,70 North 6th Street,Brooklyn,NY,11211,Restaurant,40.7190269,-73.961608
Alpha One Labs,148 Frost Street,Brooklyn,NY,11211,Event Space,40.717785,-73.945538
Forum,127 4th Avenue,New York,NY,10003,Event Space,40.7334867,-73.9898528
Columbia University Lerner Hall,2920 Broadway,New York,NY,10027,Event Space,40.807124,-73.964247
York Theatre at Saint Peter's ,619 Lexington Ave,New York,NY,10022,Event Space,40.7584633,-73.970918
Pier Sixty @ Chelsea Piers,Pier 60 - West 23rd Street,New York,NY,10011,Event Space,40.7464911,-74.001358
Heimbold Visual Arts Building Sarah Lawrence,1 Mead Way,Bronxville,NY,10803,Event Space,40.934806,-73.843344
Sarah Lawrence,1 Mead Way,Bronxville,NY,10803,Public Space,40.934806,-73.843344
Amarachi Lounge,325 Franklin Avenue,Brooklyn,NY,11238,Restaurant,40.6883177,-73.9569707
Boswick Farms,1609 DeKalb Avenue,Brooklyn,NY,11237,Event Space,40.7038639,-73.9196994
The Berkeley Carroll School,701 Caroll Street,Brooklyn,NY,11215,Public Space,40.674248,-73.977699
Regus,245 Park Ave,New York,NY,10167,Event Space,40.7546423,-73.9748948
Laser Cosmetica,18 W. 23rd Street,New York,NY,,Event Space,40.7417371,-73.9903778
Yu Café,2525 Amsterdam Ave,New York,NY,10033,Restaurant,40.850802,-73.928767
Hudson Manor at LaQuinta Inn & Suites,350 Lighting Way,Secaucus,NJ,7094,Conference Center,40.7906727,-74.0496424
Kirkland & Ellis LLP,601 Lexington Avenue,New York,NY,10022,Event Space,40.7587744,-73.9707531
Stage 6 at Steiner Studios,15 Washington Avenue,Brooklyn,NY,11205,Event Space,40.6980502,-73.968244
Kramer Levin Naftalis & Frankel LLP,1177 Avenue of the Americas,New York,NY,10036,Event Space,40.757235,-73.982881
Museum of Jewish Heritage,36 Battery Place,New York,NY,10280,Public Space,40.7061926,-74.0179682
Mt Aery Baptist Church,73 Frank Street,Bridgeport,CT,6604,Event Space,41.1879007,-73.1961435
Tammany Hall,152 Orchard Street,New York,NY,10002,Restaurant,40.7207366,-73.9887598
Johnny Utah's,25 West 51st Street,New York,NY,10019,Restaurant,40.760372,-73.979525
Wesport Public Library,20 Jesup Road,Wesport ,CT,6880,Public Space,41.140759,-73.3615766
Greenhouse NY,150 Varick Street ,New York,NY,,Event Space,40.726008,-74.00532
The Jewish Center,131 West 86th Street,New York,NY,10024,Event Space,40.7871387,-73.9732945
New York Hilton,1335 Ave of the Americas,New York,NY,10019,Conference Center,40.762583,-73.980029
Melville Marriott Long Island, 1350 Old Walt Whitman Road,Melville,NY,11747,Conference Center,40.7837094,-73.4218373
Hotel Pennsylvania,"401 7th Street Penntop Ballroom, 18th floor",New York,NY,10001,Conference Center,40.7515907,-74.0044326
Corporate Office,35 Glover Avenue,Norwalk,CT,6851,Event Space,41.1443484,-73.4281162
The School of Visual Arts,333 West 23rd Street,New York,NY,,Public Space,40.745927,-73.999747
Mac & Milk Studios,450 West 15th Street,New York ,NY,10011,Event Space,40.742282,-74.00631
The Phenomenal DWYER CULTURAL CENTER,258 ST. NICHOLAS AVE ,New York,NY,,Event Space,40.8091529,-73.9529821
 Sarah Lawrence College Reisinger Concert Hall,1 Mead Way,Bronxville,NY,,Event Space,40.934806,-73.843344
BACCA Arts Center Theatre,149 North Wellwood Avenue,Lindenhurst,NY,11757,Public Space,40.687719,-73.374912
Omni New Haven Hotel at Yale,155 Temple Street,New Haven,NY,6510,Conference Center,41.3057728,-72.9274244
NYC REACH Office,161 William Street,New York,NY,,Event Space,40.7100325,-74.0059391
New York Law School,185 West Broadway,New York,NY,,Public Space,40.718071,-74.007007
Empire Hotel,44 West 63rd Street,New York,NY,,Conference Center,40.771296,-73.982095
OpenSky HQ,18 West 18th Street.,New York,NY,,Event Space,40.7390414,-73.9932407
"Sheraton Hotel, Newark Airport",128 Frontage Road,Newark,NJ,7114,Conference Center,40.7117064,-74.1595007
"Doubletree Hotel Hudson Ballroom, 6th Fl",1568 Broadway,New York,NY,10036,Conference Center,40.7591043,-73.9846158
Rutgers University ,118 Frelinghuysen Road,Piscataway,NJ,8854,Public Space,40.5229339,-74.4674334
Dave and Buster's Special Events Center,261 Airport Plaza,Farmingdale,NY,11735,Event Space,40.7373049,-73.4195549
Highline Ballroom,437 West 16th Street,New York,NY,10011,Event Space,40.7429706,-74.0060011
Digital Sandbox,55 Broad Street 4th floor,New York,NY,,Event Space,40.7051214,-74.0114934
The Prince George Ballroom,15 East 27th Street,New York,NY,,Event Space,40.7436013,-73.9866029
ShipWreck,120-06 Rockaway Blvd,South Ozone Park,NY,11420,Restaurant,40.6758503,-73.817474
"Pfizer Auditorium, Dibner Building",5 Metro-tech Center,Brooklyn,NY,11201,Conference Center,40.707581,-74.013781
Club H Fitness,423 W 55th Street,New York ,NY,,Event Space,40.767187,-73.9877525
NYU Stern Business School Kaufman Management Center,44 W. 4th Street,New York,NY,10012,Event Space,40.7290941,-73.9959767
Speedway School,701 South Orange Avenue,Newark,NJ,7106,Public Space,40.7450878,-74.2178851
Haworth showroom,125 Park Avenue Second Floor,New York ,NY,10017,Event Space,40.7820083,-73.9487295
Ethical Culture Society,7 Saxon Wood Road,White Plains ,NY,,Event Space,40.9886106,-73.7458785
The Lott,55 W. 21st St,New York ,NY,10010,Event Space,40.7413856,-73.9931037
New York County Lawyers' Association ,14 Vesey Street ,New York,NY,10007,Event Space,40.7117664,-74.0094224
The Gershwin Hotel,7 East 27th Street,New York,NY,10016,Event Space,40.743737,-73.9869274
THE MADISON HOTEL,One Convent Rd,Morristown,NJ,,Conference Center,40.777552,-74.444722
Al Oerter Recreation Center,Fowler Ave College Point Blvd - Rear of Bldg,Flushing,NY,11355,Event Space,40.7519414,-73.8323489
Lea Lounge,230 Park Avenue,New York,NY,10169,Event Space,40.7544061,-73.9765734
Santos Party House,96 LAFAYETTE ST,New York,NY,10013,Event Space,40.7176005,-74.0013207
McGraw Hill Conference Center,1221 Avenue of the Americas,New York,NY,10036,Event Space,40.7587388,-73.9813121
